Date,Ticker,Close,Close,Close,Close,Close
,,AAPL,MSFT,GOOGL,AMZN,TSLA
2024-04-12,AAPL,175.72027587890625,,,,
2024-04-15,AAPL,171.87841796875,,,,
2024-04-16,AAPL,168.583984375,,,,
2024-04-17,AAPL,167.21046447753906,,,,
2024-04-18,AAPL,166.2549591064453,,,,
2024-04-19,AAPL,164.2245635986328,,,,
2024-04-22,AAPL,165.0605926513672,,,,
2024-04-23,AAPL,166.11561584472656,,,,
2024-04-24,AAPL,168.2256622314453,,,,
2024-04-25,AAPL,169.09158325195312,,,,
2024-04-26,AAPL,168.5043487548828,,,,
2024-04-29,AAPL,172.68460083007812,,,,
2024-04-30,AAPL,169.5294952392578,,,,
2024-05-01,AAPL,168.5043487548828,,,,
2024-05-02,AAPL,172.21682739257812,,,,
2024-05-03,AAPL,182.51817321777344,,,,
2024-05-06,AAPL,180.8560333251953,,,,
2024-05-07,AAPL,181.5427703857422,,,,
2024-05-08,AAPL,181.88119506835938,,,,
2024-05-09,AAPL,183.70260620117188,,,,
2024-05-10,AAPL,182.4368438720703,,,,
2024-05-13,AAPL,185.65603637695312,,,,
2024-05-14,AAPL,186.8021697998047,,,,
2024-05-15,AAPL,189.08450317382812,,,,
2024-05-16,AAPL,189.2041015625,,,,
2024-05-17,AAPL,189.2340087890625,,,,
2024-05-20,AAPL,190.4000701904297,,,,
2024-05-21,AAPL,191.70570373535156,,,,
2024-05-22,AAPL,190.26055908203125,,,,
2024-05-23,AAPL,186.2540283203125,,,,
2024-05-24,AAPL,189.3436279296875,,,,
2024-05-28,AAPL,189.35360717773438,,,,
2024-05-29,AAPL,189.652587890625,,,,
2024-05-30,AAPL,190.6492462158203,,,,
2024-05-31,AAPL,191.6060333251953,,,,
2024-06-03,AAPL,193.38006591796875,,,,
2024-06-04,AAPL,193.69900512695312,,,,
2024-06-05,AAPL,195.21389770507812,,,,
2024-06-06,AAPL,193.8285369873047,,,,
2024-06-07,AAPL,196.23048400878906,,,,
2024-06-10,AAPL,192.4730987548828,,,,
2024-06-11,AAPL,206.4561004638672,,,,
2024-06-12,AAPL,212.35630798339844,,,,
2024-06-13,AAPL,213.52236938476562,,,,
2024-06-14,AAPL,211.77822875976562,,,,
2024-06-17,AAPL,215.94422912597656,,,,
2024-06-18,AAPL,213.5721893310547,,,,
2024-06-20,AAPL,208.97763061523438,,,,
2024-06-21,AAPL,206.7949981689453,,,,
2024-06-24,AAPL,207.4427947998047,,,,
2024-06-25,AAPL,208.36968994140625,,,,
2024-06-26,AAPL,212.5356903076172,,,,
2024-06-27,AAPL,213.3828582763672,,,,
2024-06-28,AAPL,209.91448974609375,,,,
2024-07-01,AAPL,216.02395629882812,,,,
2024-07-02,AAPL,219.53216552734375,,,,
2024-07-03,AAPL,220.80787658691406,,,,
2024-07-05,AAPL,225.5818328857422,,,,
2024-07-08,AAPL,227.056884765625,,,,
2024-07-09,AAPL,227.9139862060547,,,,
2024-07-10,AAPL,232.1995849609375,,,,
2024-07-11,AAPL,226.80772399902344,,,,
2024-07-12,AAPL,229.76776123046875,,,,
2024-07-15,AAPL,233.61483764648438,,,,
2024-07-16,AAPL,234.033447265625,,,,
2024-07-17,AAPL,228.1133270263672,,,,
2024-07-18,AAPL,223.42906188964844,,,,
2024-07-19,AAPL,223.5586395263672,,,,
2024-07-22,AAPL,223.20982360839844,,,,
2024-07-23,AAPL,224.25628662109375,,,,
2024-07-24,AAPL,217.8079376220703,,,,
2024-07-25,AAPL,216.76148986816406,,,,
2024-07-26,AAPL,217.2299041748047,,,,
2024-07-29,AAPL,217.50897216796875,,,,
2024-07-30,AAPL,218.06710815429688,,,,
2024-07-31,AAPL,221.3361053466797,,,,
2024-08-01,AAPL,217.62855529785156,,,,
2024-08-02,AAPL,219.12355041503906,,,,
2024-08-05,AAPL,208.56903076171875,,,,
2024-08-06,AAPL,206.5358428955078,,,,
2024-08-07,AAPL,209.11717224121094,,,,
2024-08-08,AAPL,212.59547424316406,,,,
2024-08-09,AAPL,215.51568603515625,,,,
2024-08-12,AAPL,217.0522918701172,,,,
2024-08-13,AAPL,220.78408813476562,,,,
2024-08-14,AAPL,221.23309326171875,,,,
2024-08-15,AAPL,224.22650146484375,,,,
2024-08-16,AAPL,225.5535888671875,,,,
2024-08-19,AAPL,225.3939208984375,,,,
2024-08-20,AAPL,226.0125732421875,,,,
2024-08-21,AAPL,225.90281677246094,,,,
2024-08-22,AAPL,224.0369110107422,,,,
2024-08-23,AAPL,226.3418426513672,,,,
2024-08-26,AAPL,226.68109130859375,,,,
2024-08-27,AAPL,227.52923583984375,,,,
2024-08-28,AAPL,225.99261474609375,,,,
2024-08-29,AAPL,229.28536987304688,,,,
2024-08-30,AAPL,228.49710083007812,,,,
2024-09-03,AAPL,222.28079223632812,,,,
2024-09-04,AAPL,220.36500549316406,,,,
2024-09-05,AAPL,221.8916473388672,,,,
2024-09-06,AAPL,220.33506774902344,,,,
2024-09-09,AAPL,220.4248809814453,,,,
2024-09-10,AAPL,219.62661743164062,,,,
2024-09-11,AAPL,222.17103576660156,,,,
2024-09-12,AAPL,222.28079223632812,,,,
2024-09-13,AAPL,222.01136779785156,,,,
2024-09-16,AAPL,215.84495544433594,,,,
2024-09-17,AAPL,216.31390380859375,,,,
2024-09-18,AAPL,220.20535278320312,,,,
2024-09-19,AAPL,228.3673858642578,,,,
2024-09-20,AAPL,227.6988525390625,,,,
2024-09-23,AAPL,225.97265625,,,,
2024-09-24,AAPL,226.8706817626953,,,,
2024-09-25,AAPL,225.8728790283203,,,,
2024-09-26,AAPL,227.02035522460938,,,,
2024-09-27,AAPL,227.2897491455078,,,,
2024-09-30,AAPL,232.48831176757812,,,,
2024-10-01,AAPL,225.71322631835938,,,,
2024-10-02,AAPL,226.28196716308594,,,,
2024-10-03,AAPL,225.17440795898438,,,,
2024-10-04,AAPL,226.30194091796875,,,,
2024-10-07,AAPL,221.2031707763672,,,,
2024-10-08,AAPL,225.27420043945312,,,,
2024-10-09,AAPL,229.03591918945312,,,,
2024-10-10,AAPL,228.53700256347656,,,,
2024-10-11,AAPL,227.05029296875,,,,
2024-10-14,AAPL,230.79205322265625,,,,
2024-10-15,AAPL,233.33645629882812,,,,
2024-10-16,AAPL,231.27099609375,,,,
2024-10-17,AAPL,231.6401824951172,,,,
2024-10-18,AAPL,234.4839324951172,,,,
2024-10-21,AAPL,235.96067810058594,,,,
2024-10-22,AAPL,235.342041015625,,,,
2024-10-23,AAPL,230.25323486328125,,,,
2024-10-24,AAPL,230.06365966796875,,,,
2024-10-25,AAPL,230.9018096923828,,,,
2024-10-28,AAPL,232.88743591308594,,,,
2024-10-29,AAPL,233.15684509277344,,,,
2024-10-30,AAPL,229.59469604492188,,,,
2024-10-31,AAPL,225.4138946533203,,,,
2024-11-01,AAPL,222.4204864501953,,,,
2024-11-04,AAPL,221.52244567871094,,,,
2024-11-05,AAPL,222.95928955078125,,,,
2024-11-06,AAPL,222.23089599609375,,,,
2024-11-07,AAPL,226.98043823242188,,,,
2024-11-08,AAPL,226.7107391357422,,,,
2024-11-11,AAPL,223.98373413085938,,,,
2024-11-12,AAPL,223.98373413085938,,,,
2024-11-13,AAPL,224.8727569580078,,,,
2024-11-14,AAPL,227.9693603515625,,,,
2024-11-15,AAPL,224.7528839111328,,,,
2024-11-18,AAPL,227.7695770263672,,,,
2024-11-19,AAPL,228.02928161621094,,,,
2024-11-20,AAPL,228.7484893798828,,,,
2024-11-21,AAPL,228.26902770996094,,,,
2024-11-22,AAPL,229.61753845214844,,,,
2024-11-25,AAPL,232.61424255371094,,,,
2024-11-26,AAPL,234.8018341064453,,,,
2024-11-27,AAPL,234.67198181152344,,,,
2024-11-29,AAPL,237.06935119628906,,,,
2024-12-02,AAPL,239.3268585205078,,,,
2024-12-03,AAPL,242.3834991455078,,,,
2024-12-04,AAPL,242.74310302734375,,,,
2024-12-05,AAPL,242.7730712890625,,,,
2024-12-06,AAPL,242.5732879638672,,,,
2024-12-09,AAPL,246.47900390625,,,,
2024-12-10,AAPL,247.4978790283203,,,,
2024-12-11,AAPL,246.2192840576172,,,,
2024-12-12,AAPL,247.68768310546875,,,,
2024-12-13,AAPL,247.85748291015625,,,,
2024-12-16,AAPL,250.7642822265625,,,,
2024-12-17,AAPL,253.20159912109375,,,,
2024-12-18,AAPL,247.77757263183594,,,,
2024-12-19,AAPL,249.51565551757812,,,,
2024-12-20,AAPL,254.21051025390625,,,,
2024-12-23,AAPL,254.98965454101562,,,,
2024-12-24,AAPL,257.91644287109375,,,,
2024-12-26,AAPL,258.7355041503906,,,,
2024-12-27,AAPL,255.30929565429688,,,,
2024-12-30,AAPL,251.9230194091797,,,,
2024-12-31,AAPL,250.1449737548828,,,,
2025-01-02,AAPL,243.5821990966797,,,,
2025-01-03,AAPL,243.0927276611328,,,,
2025-01-06,AAPL,244.73092651367188,,,,
2025-01-07,AAPL,241.94400024414062,,,,
2025-01-08,AAPL,242.43344116210938,,,,
2025-01-10,AAPL,236.58987426757812,,,,
2025-01-13,AAPL,234.14256286621094,,,,
2025-01-14,AAPL,233.02378845214844,,,,
2025-01-15,AAPL,237.60874938964844,,,,
2025-01-16,AAPL,228.00930786132812,,,,
2025-01-17,AAPL,229.7274169921875,,,,
2025-01-21,AAPL,222.39547729492188,,,,
2025-01-22,AAPL,223.58416748046875,,,,
2025-01-23,AAPL,223.41436767578125,,,,
2025-01-24,AAPL,222.5353240966797,,,,
2025-01-27,AAPL,229.6075439453125,,,,
2025-01-28,AAPL,237.99832153320312,,,,
2025-01-29,AAPL,239.0971221923828,,,,
2025-01-30,AAPL,237.3290557861328,,,,
2025-01-31,AAPL,235.74081420898438,,,,
2025-02-03,AAPL,227.75958251953125,,,,
2025-02-04,AAPL,232.54432678222656,,,,
2025-02-05,AAPL,232.21469116210938,,,,
2025-02-06,AAPL,232.9638671875,,,,
2025-02-07,AAPL,227.3800048828125,,,,
2025-02-10,AAPL,227.64999389648438,,,,
2025-02-11,AAPL,232.6199951171875,,,,
2025-02-12,AAPL,236.8699951171875,,,,
2025-02-13,AAPL,241.52999877929688,,,,
2025-02-14,AAPL,244.60000610351562,,,,
2025-02-18,AAPL,244.47000122070312,,,,
2025-02-19,AAPL,244.8699951171875,,,,
2025-02-20,AAPL,245.8300018310547,,,,
2025-02-21,AAPL,245.5500030517578,,,,
2025-02-24,AAPL,247.10000610351562,,,,
2025-02-25,AAPL,247.0399932861328,,,,
2025-02-26,AAPL,240.36000061035156,,,,
2025-02-27,AAPL,237.3000030517578,,,,
2025-02-28,AAPL,241.83999633789062,,,,
2025-03-03,AAPL,238.02999877929688,,,,
2025-03-04,AAPL,235.92999267578125,,,,
2025-03-05,AAPL,235.74000549316406,,,,
2025-03-06,AAPL,235.3300018310547,,,,
2025-03-07,AAPL,239.07000732421875,,,,
2025-03-10,AAPL,227.47999572753906,,,,
2025-03-11,AAPL,220.83999633789062,,,,
2025-03-12,AAPL,216.97999572753906,,,,
2025-03-13,AAPL,209.67999267578125,,,,
2025-03-14,AAPL,213.49000549316406,,,,
2025-03-17,AAPL,214.0,,,,
2025-03-18,AAPL,212.69000244140625,,,,
2025-03-19,AAPL,215.24000549316406,,,,
2025-03-20,AAPL,214.10000610351562,,,,
2025-03-21,AAPL,218.27000427246094,,,,
2025-03-24,AAPL,220.72999572753906,,,,
2025-03-25,AAPL,223.75,,,,
2025-03-26,AAPL,221.52999877929688,,,,
2025-03-27,AAPL,223.85000610351562,,,,
2025-03-28,AAPL,217.89999389648438,,,,
2025-03-31,AAPL,222.1300048828125,,,,
2025-04-01,AAPL,223.19000244140625,,,,
2025-04-02,AAPL,223.88999938964844,,,,
2025-04-03,AAPL,203.19000244140625,,,,
2025-04-04,AAPL,188.3800048828125,,,,
2025-04-07,AAPL,181.4600067138672,,,,
2025-04-08,AAPL,172.4199981689453,,,,
2025-04-09,AAPL,198.85000610351562,,,,
2025-04-10,AAPL,190.4199981689453,,,,
2025-04-11,AAPL,198.14999389648438,,,,
2024-04-12,MSFT,,418.703369140625,,,
2024-04-15,MSFT,,410.5059509277344,,,
2024-04-16,MSFT,,411.43878173828125,,,
2024-04-17,MSFT,,408.7195739746094,,,
2024-04-18,MSFT,,401.2069091796875,,,
2024-04-19,MSFT,,396.095947265625,,,
2024-04-22,MSFT,,397.9219970703125,,,
2024-04-23,MSFT,,404.48193359375,,,
2024-04-24,MSFT,,405.9606628417969,,,
2024-04-25,MSFT,,396.0165710449219,,,
2024-04-26,MSFT,,403.2414245605469,,,
2024-04-29,MSFT,,399.20220947265625,,,
2024-04-30,MSFT,,386.3800964355469,,,
2024-05-01,MSFT,,391.9476318359375,,,
2024-05-02,MSFT,,394.82562255859375,,,
2024-05-03,MSFT,,403.57879638671875,,,
2024-05-06,MSFT,,410.4067077636719,,,
2024-05-07,MSFT,,406.2384948730469,,,
2024-05-08,MSFT,,407.429443359375,,,
2024-05-09,MSFT,,409.1959533691406,,,
2024-05-10,MSFT,,411.5975646972656,,,
2024-05-13,MSFT,,410.5853271484375,,,
2024-05-14,MSFT,,413.40380859375,,,
2024-05-15,MSFT,,420.6317138671875,,,
2024-05-16,MSFT,,418.5538330078125,,,
2024-05-17,MSFT,,417.7783203125,,,
2024-05-20,MSFT,,422.878662109375,,,
2024-05-21,MSFT,,426.5572814941406,,,
2024-05-22,MSFT,,428.0286865234375,,,
2024-05-23,MSFT,,424.529052734375,,,
2024-05-24,MSFT,,427.6707763671875,,,
2024-05-28,MSFT,,427.829833984375,,,
2024-05-29,MSFT,,426.6865234375,,,
2024-05-30,MSFT,,412.2704162597656,,,
2024-05-31,MSFT,,412.7277526855469,,,
2024-06-03,MSFT,,411.1270446777344,,,
2024-06-04,MSFT,,413.6623229980469,,,
2024-06-05,MSFT,,421.5563659667969,,,
2024-06-06,MSFT,,422.0633850097656,,,
2024-06-07,MSFT,,421.3973083496094,,,
2024-06-10,MSFT,,425.3940124511719,,,
2024-06-11,MSFT,,430.1761779785156,,,
2024-06-12,MSFT,,438.5076904296875,,,
2024-06-13,MSFT,,439.0246887207031,,,
2024-06-14,MSFT,,440.00897216796875,,,
2024-06-17,MSFT,,445.775390625,,,
2024-06-18,MSFT,,443.75714111328125,,,
2024-06-20,MSFT,,443.120849609375,,,
2024-06-21,MSFT,,447.17724609375,,,
2024-06-24,MSFT,,445.0794982910156,,,
2024-06-25,MSFT,,448.3404541015625,,,
2024-06-26,MSFT,,449.54345703125,,,
2024-06-27,MSFT,,450.2294616699219,,,
2024-06-28,MSFT,,444.3636474609375,,,
2024-07-01,MSFT,,454.0870361328125,,,
2024-07-02,MSFT,,456.62225341796875,,,
2024-07-03,MSFT,,458.1036376953125,,,
2024-07-05,MSFT,,464.8543395996094,,,
2024-07-08,MSFT,,463.5419921875,,,
2024-07-09,MSFT,,456.8807678222656,,,
2024-07-10,MSFT,,463.55194091796875,,,
2024-07-11,MSFT,,452.0687561035156,,,
2024-07-12,MSFT,,450.9254150390625,,,
2024-07-15,MSFT,,451.33306884765625,,,
2024-07-16,MSFT,,446.91876220703125,,,
2024-07-17,MSFT,,440.9534606933594,,,
2024-07-18,MSFT,,437.8216857910156,,,
2024-07-19,MSFT,,434.5805358886719,,,
2024-07-22,MSFT,,440.3768310546875,,,
2024-07-23,MSFT,,442.2757873535156,,,
2024-07-24,MSFT,,426.4180603027344,,,
2024-07-25,MSFT,,415.97882080078125,,,
2024-07-26,MSFT,,422.8090515136719,,,
2024-07-29,MSFT,,424.2606201171875,,,
2024-07-30,MSFT,,420.4726867675781,,,
2024-07-31,MSFT,,415.92913818359375,,,
2024-08-01,MSFT,,414.6962890625,,,
2024-08-02,MSFT,,406.12615966796875,,,
2024-08-05,MSFT,,392.86334228515625,,,
2024-08-06,MSFT,,397.29754638671875,,,
2024-08-07,MSFT,,396.1243896484375,,,
2024-08-08,MSFT,,400.3597412109375,,,
2024-08-09,MSFT,,403.6704406738281,,,
2024-08-12,MSFT,,404.4559020996094,,,
2024-08-13,MSFT,,411.6142272949219,,,
2024-08-14,MSFT,,414.4477233886719,,,
2024-08-15,MSFT,,419.34808349609375,,,
2024-08-16,MSFT,,416.7983093261719,,,
2024-08-19,MSFT,,419.8460998535156,,,
2024-08-20,MSFT,,423.10302734375,,,
2024-08-21,MSFT,,422.4456787109375,,,
2024-08-22,MSFT,,413.8899841308594,,,
2024-08-23,MSFT,,415.1250305175781,,,
2024-08-26,MSFT,,411.83819580078125,,,
2024-08-27,MSFT,,412.1867980957031,,,
2024-08-28,MSFT,,408.95977783203125,,,
2024-08-29,MSFT,,411.4696960449219,,,
2024-08-30,MSFT,,415.4736328125,,,
2024-09-03,MSFT,,407.80438232421875,,,
2024-09-04,MSFT,,407.26654052734375,,,
2024-09-05,MSFT,,406.7585754394531,,,
2024-09-06,MSFT,,400.0953063964844,,,
2024-09-09,MSFT,,404.0992431640625,,,
2024-09-10,MSFT,,412.5453796386719,,,
2024-09-11,MSFT,,421.3500671386719,,,
2024-09-12,MSFT,,425.29425048828125,,,
2024-09-13,MSFT,,428.8699035644531,,,
2024-09-16,MSFT,,429.6169128417969,,,
2024-09-17,MSFT,,433.41168212890625,,,
2024-09-18,MSFT,,429.0890197753906,,,
2024-09-19,MSFT,,436.93756103515625,,,
2024-09-20,MSFT,,433.53118896484375,,,
2024-09-23,MSFT,,431.77825927734375,,,
2024-09-24,MSFT,,427.4555969238281,,,
2024-09-25,MSFT,,430.3838195800781,,,
2024-09-26,MSFT,,429.5870361328125,,,
2024-09-27,MSFT,,426.3101501464844,,,
2024-09-30,MSFT,,428.5810546875,,,
2024-10-01,MSFT,,419.00946044921875,,,
2024-10-02,MSFT,,415.4636535644531,,,
2024-10-03,MSFT,,414.87603759765625,,,
2024-10-04,MSFT,,414.39794921875,,,
2024-10-07,MSFT,,407.90399169921875,,,
2024-10-08,MSFT,,413.0533447265625,,,
2024-10-09,MSFT,,415.7923278808594,,,
2024-10-10,MSFT,,414.1788330078125,,,
2024-10-11,MSFT,,414.6568908691406,,,
2024-10-14,MSFT,,417.4656677246094,,,
2024-10-15,MSFT,,417.0672302246094,,,
2024-10-16,MSFT,,414.45770263671875,,,
2024-10-17,MSFT,,415.0552978515625,,,
2024-10-18,MSFT,,416.48956298828125,,,
2024-10-21,MSFT,,417.1070861816406,,,
2024-10-22,MSFT,,425.8022155761719,,,
2024-10-23,MSFT,,422.9038391113281,,,
2024-10-24,MSFT,,423.0333251953125,,,
2024-10-25,MSFT,,426.43963623046875,,,
2024-10-28,MSFT,,424.8858642578125,,,
2024-10-29,MSFT,,430.2244873046875,,,
2024-10-30,MSFT,,430.8021545410156,,,
2024-10-31,MSFT,,404.72674560546875,,,
2024-11-01,MSFT,,408.7306823730469,,,
2024-11-04,MSFT,,406.82830810546875,,,
2024-11-05,MSFT,,409.8163146972656,,,
2024-11-06,MSFT,,418.50146484375,,,
2024-11-07,MSFT,,423.7304992675781,,,
2024-11-08,MSFT,,420.85205078125,,,
2024-11-11,MSFT,,416.34014892578125,,,
2024-11-12,MSFT,,421.340087890625,,,
2024-11-13,MSFT,,423.5014343261719,,,
2024-11-14,MSFT,,425.1846923828125,,,
2024-11-15,MSFT,,413.3421936035156,,,
2024-11-18,MSFT,,414.0991516113281,,,
2024-11-19,MSFT,,416.12103271484375,,,
2024-11-20,MSFT,,413.8302001953125,,,
2024-11-21,MSFT,,412.0437927246094,,,
2024-11-22,MSFT,,416.16552734375,,,
2024-11-25,MSFT,,417.95196533203125,,,
2024-11-26,MSFT,,427.133544921875,,,
2024-11-27,MSFT,,422.1435546875,,,
2024-11-29,MSFT,,422.61260986328125,,,
2024-12-02,MSFT,,430.1175842285156,,,
2024-12-03,MSFT,,430.3371276855469,,,
2024-12-04,MSFT,,436.544677734375,,,
2024-12-05,MSFT,,441.7342529296875,,,
2024-12-06,MSFT,,442.682373046875,,,
2024-12-09,MSFT,,445.12744140625,,,
2024-12-10,MSFT,,442.4428405761719,,,
2024-12-11,MSFT,,448.0915222167969,,,
2024-12-12,MSFT,,448.6603698730469,,,
2024-12-13,MSFT,,446.37493896484375,,,
2024-12-16,MSFT,,450.6863098144531,,,
2024-12-17,MSFT,,453.5505676269531,,,
2024-12-18,MSFT,,436.5147399902344,,,
2024-12-19,MSFT,,436.15545654296875,,,
2024-12-20,MSFT,,435.726318359375,,,
2024-12-23,MSFT,,434.3790283203125,,,
2024-12-24,MSFT,,438.4508361816406,,,
2024-12-26,MSFT,,437.2332763671875,,,
2024-12-27,MSFT,,429.66845703125,,,
2024-12-30,MSFT,,423.9798583984375,,,
2024-12-31,MSFT,,420.6565246582031,,,
2025-01-02,MSFT,,417.74237060546875,,,
2025-01-03,MSFT,,422.5028381347656,,,
2025-01-06,MSFT,,426.99383544921875,,,
2025-01-07,MSFT,,421.5247802734375,,,
2025-01-08,MSFT,,423.7104187011719,,,
2025-01-10,MSFT,,418.11163330078125,,,
2025-01-13,MSFT,,416.35516357421875,,,
2025-01-14,MSFT,,414.8382263183594,,,
2025-01-15,MSFT,,425.4569091796875,,,
2025-01-16,MSFT,,423.7303466796875,,,
2025-01-17,MSFT,,428.1714782714844,,,
2025-01-21,MSFT,,427.64251708984375,,,
2025-01-22,MSFT,,445.30712890625,,,
2025-01-23,MSFT,,445.8160705566406,,,
2025-01-24,MSFT,,443.17138671875,,,
2025-01-27,MSFT,,433.6903991699219,,,
2025-01-28,MSFT,,446.30511474609375,,,
2025-01-29,MSFT,,441.44482421875,,,
2025-01-30,MSFT,,414.1595458984375,,,
2025-01-31,MSFT,,414.22943115234375,,,
2025-02-03,MSFT,,410.09771728515625,,,
2025-02-04,MSFT,,411.5447998046875,,,
2025-02-05,MSFT,,412.4629821777344,,,
2025-02-06,MSFT,,414.9879150390625,,,
2025-02-07,MSFT,,408.9300537109375,,,
2025-02-10,MSFT,,411.3951110839844,,,
2025-02-11,MSFT,,410.6166687011719,,,
2025-02-12,MSFT,,408.2214660644531,,,
2025-02-13,MSFT,,409.7184753417969,,,
2025-02-14,MSFT,,407.6126708984375,,,
2025-02-18,MSFT,,408.8202819824219,,,
2025-02-19,MSFT,,413.94000244140625,,,
2025-02-20,MSFT,,416.1300048828125,,,
2025-02-21,MSFT,,408.2099914550781,,,
2025-02-24,MSFT,,404.0,,,
2025-02-25,MSFT,,397.8999938964844,,,
2025-02-26,MSFT,,399.7300109863281,,,
2025-02-27,MSFT,,392.5299987792969,,,
2025-02-28,MSFT,,396.989990234375,,,
2025-03-03,MSFT,,388.489990234375,,,
2025-03-04,MSFT,,388.6099853515625,,,
2025-03-05,MSFT,,401.0199890136719,,,
2025-03-06,MSFT,,396.8900146484375,,,
2025-03-07,MSFT,,393.30999755859375,,,
2025-03-10,MSFT,,380.1600036621094,,,
2025-03-11,MSFT,,380.45001220703125,,,
2025-03-12,MSFT,,383.2699890136719,,,
2025-03-13,MSFT,,378.7699890136719,,,
2025-03-14,MSFT,,388.55999755859375,,,
2025-03-17,MSFT,,388.70001220703125,,,
2025-03-18,MSFT,,383.5199890136719,,,
2025-03-19,MSFT,,387.82000732421875,,,
2025-03-20,MSFT,,386.8399963378906,,,
2025-03-21,MSFT,,391.260009765625,,,
2025-03-24,MSFT,,393.0799865722656,,,
2025-03-25,MSFT,,395.1600036621094,,,
2025-03-26,MSFT,,389.9700012207031,,,
2025-03-27,MSFT,,390.5799865722656,,,
2025-03-28,MSFT,,378.79998779296875,,,
2025-03-31,MSFT,,375.3900146484375,,,
2025-04-01,MSFT,,382.19000244140625,,,
2025-04-02,MSFT,,382.1400146484375,,,
2025-04-03,MSFT,,373.1099853515625,,,
2025-04-04,MSFT,,359.8399963378906,,,
2025-04-07,MSFT,,357.8599853515625,,,
2025-04-08,MSFT,,354.55999755859375,,,
2025-04-09,MSFT,,390.489990234375,,,
2025-04-10,MSFT,,381.3500061035156,,,
2025-04-11,MSFT,,388.45001220703125,,,
2024-04-12,GOOGL,,,156.9794921875,,
2024-04-15,GOOGL,,,154.12315368652344,,
2024-04-16,GOOGL,,,153.66531372070312,,
2024-04-17,GOOGL,,,154.73023986816406,,
2024-04-18,GOOGL,,,155.26768493652344,,
2024-04-19,GOOGL,,,153.35679626464844,,
2024-04-22,GOOGL,,,155.536376953125,,
2024-04-23,GOOGL,,,157.5069580078125,,
2024-04-24,GOOGL,,,158.3728485107422,,
2024-04-25,GOOGL,,,155.25772094726562,,
2024-04-26,GOOGL,,,171.13182067871094,,
2024-04-29,GOOGL,,,165.35940551757812,,
2024-04-30,GOOGL,,,162.00546264648438,,
2024-05-01,GOOGL,,,163.08033752441406,,
2024-05-02,GOOGL,,,165.8271942138672,,
2024-05-03,GOOGL,,,166.44424438476562,,
2024-05-06,GOOGL,,,167.30014038085938,,
2024-05-07,GOOGL,,,170.43515014648438,,
2024-05-08,GOOGL,,,168.57406616210938,,
2024-05-09,GOOGL,,,169.1512908935547,,
2024-05-10,GOOGL,,,167.84751892089844,,
2024-05-13,GOOGL,,,168.335205078125,,
2024-05-14,GOOGL,,,169.5294952392578,,
2024-05-15,GOOGL,,,171.68914794921875,,
2024-05-16,GOOGL,,,173.3511962890625,,
2024-05-17,GOOGL,,,175.22227478027344,,
2024-05-20,GOOGL,,,176.0781707763672,,
2024-05-21,GOOGL,,,177.00376892089844,,
2024-05-22,GOOGL,,,175.54075622558594,,
2024-05-23,GOOGL,,,172.72422790527344,,
2024-05-24,GOOGL,,,174.15736389160156,,
2024-05-28,GOOGL,,,175.56063842773438,,
2024-05-29,GOOGL,,,175.0630340576172,,
2024-05-30,GOOGL,,,171.2910614013672,,
2024-05-31,GOOGL,,,171.67919921875,,
2024-06-03,GOOGL,,,172.3460235595703,,
2024-06-04,GOOGL,,,172.96307373046875,,
2024-06-05,GOOGL,,,174.5753631591797,,
2024-06-06,GOOGL,,,175.88906860351562,,
2024-06-07,GOOGL,,,173.62986755371094,,
2024-06-10,GOOGL,,,174.37716674804688,,
2024-06-11,GOOGL,,,175.98133850097656,,
2024-06-12,GOOGL,,,177.14712524414062,,
2024-06-13,GOOGL,,,174.52664184570312,,
2024-06-14,GOOGL,,,176.15072631835938,,
2024-06-17,GOOGL,,,176.59910583496094,,
2024-06-18,GOOGL,,,174.45687866210938,,
2024-06-20,GOOGL,,,175.66250610351562,,
2024-06-21,GOOGL,,,178.98046875,,
2024-06-24,GOOGL,,,178.5719451904297,,
2024-06-25,GOOGL,,,183.3645477294922,,
2024-06-26,GOOGL,,,183.21510314941406,,
2024-06-27,GOOGL,,,184.7395782470703,,
2024-06-28,GOOGL,,,181.4913330078125,,
2024-07-01,GOOGL,,,182.32830810546875,,
2024-07-02,GOOGL,,,184.5701904296875,,
2024-07-03,GOOGL,,,185.14808654785156,,
2024-07-05,GOOGL,,,189.9108123779297,,
2024-07-08,GOOGL,,,188.34646606445312,,
2024-07-09,GOOGL,,,188.29664611816406,,
2024-07-10,GOOGL,,,190.4886932373047,,
2024-07-11,GOOGL,,,184.8990020751953,,
2024-07-12,GOOGL,,,184.40078735351562,,
2024-07-15,GOOGL,,,185.85549926757812,,
2024-07-16,GOOGL,,,183.2549591064453,,
2024-07-17,GOOGL,,,180.3654327392578,,
2024-07-18,GOOGL,,,177.04747009277344,,
2024-07-19,GOOGL,,,177.017578125,,
2024-07-22,GOOGL,,,181.01307678222656,,
2024-07-23,GOOGL,,,181.13262939453125,,
2024-07-24,GOOGL,,,172.0057830810547,,
2024-07-25,GOOGL,,,166.67510986328125,,
2024-07-26,GOOGL,,,166.39613342285156,,
2024-07-29,GOOGL,,,168.91697692871094,,
2024-07-30,GOOGL,,,169.67422485351562,,
2024-07-31,GOOGL,,,170.91969299316406,,
2024-08-01,GOOGL,,,170.1425323486328,,
2024-08-02,GOOGL,,,166.057373046875,,
2024-08-05,GOOGL,,,158.67416381835938,,
2024-08-06,GOOGL,,,157.71762084960938,,
2024-08-07,GOOGL,,,158.3652801513672,,
2024-08-08,GOOGL,,,161.444091796875,,
2024-08-09,GOOGL,,,163.0781707763672,,
2024-08-12,GOOGL,,,161.70315551757812,,
2024-08-13,GOOGL,,,163.56640625,,
2024-08-14,GOOGL,,,159.7900848388672,,
2024-08-15,GOOGL,,,160.7167510986328,,
2024-08-16,GOOGL,,,162.37074279785156,,
2024-08-19,GOOGL,,,166.06732177734375,,
2024-08-20,GOOGL,,,166.5754852294922,,
2024-08-21,GOOGL,,,165.2502899169922,,
2024-08-22,GOOGL,,,163.20770263671875,,
2024-08-23,GOOGL,,,165.0211181640625,,
2024-08-26,GOOGL,,,165.5591583251953,,
2024-08-27,GOOGL,,,164.0845184326172,,
2024-08-28,GOOGL,,,162.26113891601562,,
2024-08-29,GOOGL,,,161.19500732421875,,
2024-08-30,GOOGL,,,162.7892303466797,,
2024-09-03,GOOGL,,,156.79098510742188,,
2024-09-04,GOOGL,,,155.88429260253906,,
2024-09-05,GOOGL,,,156.67141723632812,,
2024-09-06,GOOGL,,,150.374267578125,,
2024-09-09,GOOGL,,,148.36888122558594,,
2024-09-10,GOOGL,,,148.31900024414062,,
2024-09-11,GOOGL,,,150.81326293945312,,
2024-09-12,GOOGL,,,154.33517456054688,,
2024-09-13,GOOGL,,,157.0988311767578,,
2024-09-16,GOOGL,,,157.6974334716797,,
2024-09-17,GOOGL,,,158.95455932617188,,
2024-09-18,GOOGL,,,159.4434356689453,,
2024-09-19,GOOGL,,,161.76808166503906,,
2024-09-20,GOOGL,,,163.21475219726562,,
2024-09-23,GOOGL,,,161.47874450683594,,
2024-09-24,GOOGL,,,161.917724609375,,
2024-09-25,GOOGL,,,161.11956787109375,,
2024-09-26,GOOGL,,,162.35671997070312,,
2024-09-27,GOOGL,,,163.5739288330078,,
2024-09-30,GOOGL,,,165.46957397460938,,
2024-10-01,GOOGL,,,166.60696411132812,,
2024-10-02,GOOGL,,,165.47955322265625,,
2024-10-03,GOOGL,,,165.47955322265625,,
2024-10-04,GOOGL,,,166.6768035888672,,
2024-10-07,GOOGL,,,162.6061553955078,,
2024-10-08,GOOGL,,,164.00294494628906,,
2024-10-09,GOOGL,,,161.4887237548828,,
2024-10-10,GOOGL,,,161.70822143554688,,
2024-10-11,GOOGL,,,162.8655548095703,,
2024-10-14,GOOGL,,,164.5816192626953,,
2024-10-15,GOOGL,,,165.08047485351562,,
2024-10-16,GOOGL,,,164.78115844726562,,
2024-10-17,GOOGL,,,162.55625915527344,,
2024-10-18,GOOGL,,,163.04515075683594,,
2024-10-21,GOOGL,,,163.69366455078125,,
2024-10-22,GOOGL,,,164.76119995117188,,
2024-10-23,GOOGL,,,162.4066162109375,,
2024-10-24,GOOGL,,,162.34674072265625,,
2024-10-25,GOOGL,,,164.89089965820312,,
2024-10-28,GOOGL,,,166.3375701904297,,
2024-10-29,GOOGL,,,169.290771484375,,
2024-10-30,GOOGL,,,174.059814453125,,
2024-10-31,GOOGL,,,170.71751403808594,,
2024-11-01,GOOGL,,,170.89707946777344,,
2024-11-04,GOOGL,,,168.85179138183594,,
2024-11-05,GOOGL,,,169.3506622314453,,
2024-11-06,GOOGL,,,176.10511779785156,,
2024-11-07,GOOGL,,,180.3354034423828,,
2024-11-08,GOOGL,,,177.94090270996094,,
2024-11-11,GOOGL,,,179.9363250732422,,
2024-11-12,GOOGL,,,181.20338439941406,,
2024-11-13,GOOGL,,,178.46969604492188,,
2024-11-14,GOOGL,,,175.17724609375,,
2024-11-15,GOOGL,,,172.09434509277344,,
2024-11-18,GOOGL,,,174.89788818359375,,
2024-11-19,GOOGL,,,177.71142578125,,
2024-11-20,GOOGL,,,175.57632446289062,,
2024-11-21,GOOGL,,,167.24549865722656,,
2024-11-22,GOOGL,,,164.38206481933594,,
2024-11-25,GOOGL,,,167.2654266357422,,
2024-11-26,GOOGL,,,168.73207092285156,,
2024-11-27,GOOGL,,,168.84181213378906,,
2024-11-29,GOOGL,,,168.5624542236328,,
2024-12-02,GOOGL,,,171.0966339111328,,
2024-12-03,GOOGL,,,170.94696044921875,,
2024-12-04,GOOGL,,,173.9700164794922,,
2024-12-05,GOOGL,,,172.24398803710938,,
2024-12-06,GOOGL,,,174.30926513671875,,
2024-12-09,GOOGL,,,175.1682586669922,,
2024-12-10,GOOGL,,,184.9569854736328,,
2024-12-11,GOOGL,,,195.1752166748047,,
2024-12-12,GOOGL,,,191.7391815185547,,
2024-12-13,GOOGL,,,189.6016387939453,,
2024-12-16,GOOGL,,,196.43377685546875,,
2024-12-17,GOOGL,,,195.1951904296875,,
2024-12-18,GOOGL,,,188.18325805664062,,
2024-12-19,GOOGL,,,188.2931365966797,,
2024-12-20,GOOGL,,,191.18980407714844,,
2024-12-23,GOOGL,,,194.40611267089844,,
2024-12-24,GOOGL,,,195.8843994140625,,
2024-12-26,GOOGL,,,195.375,,
2024-12-27,GOOGL,,,192.5382537841797,,
2024-12-30,GOOGL,,,191.02000427246094,,
2024-12-31,GOOGL,,,189.08224487304688,,
2025-01-02,GOOGL,,,189.2120819091797,,
2025-01-03,GOOGL,,,191.56936645507812,,
2025-01-06,GOOGL,,,196.64352416992188,,
2025-01-07,GOOGL,,,195.26512145996094,,
2025-01-08,GOOGL,,,193.7268829345703,,
2025-01-10,GOOGL,,,191.81907653808594,,
2025-01-13,GOOGL,,,190.79026794433594,,
2025-01-14,GOOGL,,,189.4418182373047,,
2025-01-15,GOOGL,,,195.32504272460938,,
2025-01-16,GOOGL,,,192.68807983398438,,
2025-01-17,GOOGL,,,195.77452087402344,,
2025-01-21,GOOGL,,,197.82217407226562,,
2025-01-22,GOOGL,,,198.1417999267578,,
2025-01-23,GOOGL,,,197.7522430419922,,
2025-01-24,GOOGL,,,199.9796905517578,,
2025-01-27,GOOGL,,,191.58934020996094,,
2025-01-28,GOOGL,,,195.07533264160156,,
2025-01-29,GOOGL,,,195.18521118164062,,
2025-01-30,GOOGL,,,200.638916015625,,
2025-01-31,GOOGL,,,203.78530883789062,,
2025-02-03,GOOGL,,,200.99850463867188,,
2025-02-04,GOOGL,,,206.14259338378906,,
2025-02-05,GOOGL,,,191.1099090576172,,
2025-02-06,GOOGL,,,191.3795928955078,,
2025-02-07,GOOGL,,,185.1267852783203,,
2025-02-10,GOOGL,,,186.2554931640625,,
2025-02-11,GOOGL,,,185.10682678222656,,
2025-02-12,GOOGL,,,183.39878845214844,,
2025-02-13,GOOGL,,,185.92587280273438,,
2025-02-14,GOOGL,,,185.01690673828125,,
2025-02-18,GOOGL,,,183.55859375,,
2025-02-19,GOOGL,,,185.05686950683594,,
2025-02-20,GOOGL,,,184.34768676757812,,
2025-02-21,GOOGL,,,179.4533233642578,,
2025-02-24,GOOGL,,,179.04379272460938,,
2025-02-25,GOOGL,,,175.21820068359375,,
2025-02-26,GOOGL,,,172.5312957763672,,
2025-02-27,GOOGL,,,168.30616760253906,,
2025-02-28,GOOGL,,,170.0841064453125,,
2025-03-03,GOOGL,,,166.81787109375,,
2025-03-04,GOOGL,,,170.72337341308594,,
2025-03-05,GOOGL,,,172.8209686279297,,
2025-03-06,GOOGL,,,172.1517333984375,,
2025-03-07,GOOGL,,,173.66000366210938,,
2025-03-10,GOOGL,,,165.8699951171875,,
2025-03-11,GOOGL,,,164.0399932861328,,
2025-03-12,GOOGL,,,167.11000061035156,,
2025-03-13,GOOGL,,,162.75999450683594,,
2025-03-14,GOOGL,,,165.49000549316406,,
2025-03-17,GOOGL,,,164.2899932861328,,
2025-03-18,GOOGL,,,160.6699981689453,,
2025-03-19,GOOGL,,,163.88999938964844,,
2025-03-20,GOOGL,,,162.8000030517578,,
2025-03-21,GOOGL,,,163.99000549316406,,
2025-03-24,GOOGL,,,167.67999267578125,,
2025-03-25,GOOGL,,,170.55999755859375,,
2025-03-26,GOOGL,,,165.05999755859375,,
2025-03-27,GOOGL,,,162.24000549316406,,
2025-03-28,GOOGL,,,154.3300018310547,,
2025-03-31,GOOGL,,,154.63999938964844,,
2025-04-01,GOOGL,,,157.07000732421875,,
2025-04-02,GOOGL,,,157.0399932861328,,
2025-04-03,GOOGL,,,150.72000122070312,,
2025-04-04,GOOGL,,,145.60000610351562,,
2025-04-07,GOOGL,,,146.75,,
2025-04-08,GOOGL,,,144.6999969482422,,
2025-04-09,GOOGL,,,158.7100067138672,,
2025-04-10,GOOGL,,,152.82000732421875,,
2025-04-11,GOOGL,,,157.13999938964844,,
2024-04-12,AMZN,,,,186.1300048828125,
2024-04-15,AMZN,,,,183.6199951171875,
2024-04-16,AMZN,,,,183.32000732421875,
2024-04-17,AMZN,,,,181.27999877929688,
2024-04-18,AMZN,,,,179.22000122070312,
2024-04-19,AMZN,,,,174.6300048828125,
2024-04-22,AMZN,,,,177.22999572753906,
2024-04-23,AMZN,,,,179.5399932861328,
2024-04-24,AMZN,,,,176.58999633789062,
2024-04-25,AMZN,,,,173.6699981689453,
2024-04-26,AMZN,,,,179.6199951171875,
2024-04-29,AMZN,,,,180.9600067138672,
2024-04-30,AMZN,,,,175.0,
2024-05-01,AMZN,,,,179.0,
2024-05-02,AMZN,,,,184.72000122070312,
2024-05-03,AMZN,,,,186.2100067138672,
2024-05-06,AMZN,,,,188.6999969482422,
2024-05-07,AMZN,,,,188.75999450683594,
2024-05-08,AMZN,,,,188.0,
2024-05-09,AMZN,,,,189.5,
2024-05-10,AMZN,,,,187.47999572753906,
2024-05-13,AMZN,,,,186.57000732421875,
2024-05-14,AMZN,,,,187.07000732421875,
2024-05-15,AMZN,,,,185.99000549316406,
2024-05-16,AMZN,,,,183.6300048828125,
2024-05-17,AMZN,,,,184.6999969482422,
2024-05-20,AMZN,,,,183.5399932861328,
2024-05-21,AMZN,,,,183.14999389648438,
2024-05-22,AMZN,,,,183.1300048828125,
2024-05-23,AMZN,,,,181.0500030517578,
2024-05-24,AMZN,,,,180.75,
2024-05-28,AMZN,,,,182.14999389648438,
2024-05-29,AMZN,,,,182.02000427246094,
2024-05-30,AMZN,,,,179.32000732421875,
2024-05-31,AMZN,,,,176.44000244140625,
2024-06-03,AMZN,,,,178.33999633789062,
2024-06-04,AMZN,,,,179.33999633789062,
2024-06-05,AMZN,,,,181.27999877929688,
2024-06-06,AMZN,,,,185.0,
2024-06-07,AMZN,,,,184.3000030517578,
2024-06-10,AMZN,,,,187.05999755859375,
2024-06-11,AMZN,,,,187.22999572753906,
2024-06-12,AMZN,,,,186.88999938964844,
2024-06-13,AMZN,,,,183.8300018310547,
2024-06-14,AMZN,,,,183.66000366210938,
2024-06-17,AMZN,,,,184.05999755859375,
2024-06-18,AMZN,,,,182.80999755859375,
2024-06-20,AMZN,,,,186.10000610351562,
2024-06-21,AMZN,,,,189.0800018310547,
2024-06-24,AMZN,,,,185.57000732421875,
2024-06-25,AMZN,,,,186.33999633789062,
2024-06-26,AMZN,,,,193.61000061035156,
2024-06-27,AMZN,,,,197.85000610351562,
2024-06-28,AMZN,,,,193.25,
2024-07-01,AMZN,,,,197.1999969482422,
2024-07-02,AMZN,,,,200.0,
2024-07-03,AMZN,,,,197.58999633789062,
2024-07-05,AMZN,,,,200.0,
2024-07-08,AMZN,,,,199.2899932861328,
2024-07-09,AMZN,,,,199.33999633789062,
2024-07-10,AMZN,,,,199.7899932861328,
2024-07-11,AMZN,,,,195.0500030517578,
2024-07-12,AMZN,,,,194.49000549316406,
2024-07-15,AMZN,,,,192.72000122070312,
2024-07-16,AMZN,,,,193.02000427246094,
2024-07-17,AMZN,,,,187.92999267578125,
2024-07-18,AMZN,,,,183.75,
2024-07-19,AMZN,,,,183.1300048828125,
2024-07-22,AMZN,,,,182.5500030517578,
2024-07-23,AMZN,,,,186.41000366210938,
2024-07-24,AMZN,,,,180.8300018310547,
2024-07-25,AMZN,,,,179.85000610351562,
2024-07-26,AMZN,,,,182.5,
2024-07-29,AMZN,,,,183.1999969482422,
2024-07-30,AMZN,,,,181.7100067138672,
2024-07-31,AMZN,,,,186.97999572753906,
2024-08-01,AMZN,,,,184.07000732421875,
2024-08-02,AMZN,,,,167.89999389648438,
2024-08-05,AMZN,,,,161.02000427246094,
2024-08-06,AMZN,,,,161.92999267578125,
2024-08-07,AMZN,,,,162.77000427246094,
2024-08-08,AMZN,,,,165.8000030517578,
2024-08-09,AMZN,,,,166.94000244140625,
2024-08-12,AMZN,,,,166.8000030517578,
2024-08-13,AMZN,,,,170.22999572753906,
2024-08-14,AMZN,,,,170.10000610351562,
2024-08-15,AMZN,,,,177.58999633789062,
2024-08-16,AMZN,,,,177.05999755859375,
2024-08-19,AMZN,,,,178.22000122070312,
2024-08-20,AMZN,,,,178.8800048828125,
2024-08-21,AMZN,,,,180.11000061035156,
2024-08-22,AMZN,,,,176.1300048828125,
2024-08-23,AMZN,,,,177.0399932861328,
2024-08-26,AMZN,,,,175.5,
2024-08-27,AMZN,,,,173.1199951171875,
2024-08-28,AMZN,,,,170.8000030517578,
2024-08-29,AMZN,,,,172.1199951171875,
2024-08-30,AMZN,,,,178.5,
2024-09-03,AMZN,,,,176.25,
2024-09-04,AMZN,,,,173.3300018310547,
2024-09-05,AMZN,,,,177.88999938964844,
2024-09-06,AMZN,,,,171.38999938964844,
2024-09-09,AMZN,,,,175.39999389648438,
2024-09-10,AMZN,,,,179.5500030517578,
2024-09-11,AMZN,,,,184.52000427246094,
2024-09-12,AMZN,,,,187.0,
2024-09-13,AMZN,,,,186.49000549316406,
2024-09-16,AMZN,,,,184.88999938964844,
2024-09-17,AMZN,,,,186.8800048828125,
2024-09-18,AMZN,,,,186.42999267578125,
2024-09-19,AMZN,,,,189.8699951171875,
2024-09-20,AMZN,,,,191.60000610351562,
2024-09-23,AMZN,,,,193.8800048828125,
2024-09-24,AMZN,,,,193.9600067138672,
2024-09-25,AMZN,,,,192.52999877929688,
2024-09-26,AMZN,,,,191.16000366210938,
2024-09-27,AMZN,,,,187.97000122070312,
2024-09-30,AMZN,,,,186.3300018310547,
2024-10-01,AMZN,,,,185.1300048828125,
2024-10-02,AMZN,,,,184.75999450683594,
2024-10-03,AMZN,,,,181.9600067138672,
2024-10-04,AMZN,,,,186.50999450683594,
2024-10-07,AMZN,,,,180.8000030517578,
2024-10-08,AMZN,,,,182.72000122070312,
2024-10-09,AMZN,,,,185.1699981689453,
2024-10-10,AMZN,,,,186.64999389648438,
2024-10-11,AMZN,,,,188.82000732421875,
2024-10-14,AMZN,,,,187.5399932861328,
2024-10-15,AMZN,,,,187.69000244140625,
2024-10-16,AMZN,,,,186.88999938964844,
2024-10-17,AMZN,,,,187.52999877929688,
2024-10-18,AMZN,,,,188.99000549316406,
2024-10-21,AMZN,,,,189.07000732421875,
2024-10-22,AMZN,,,,189.6999969482422,
2024-10-23,AMZN,,,,184.7100067138672,
2024-10-24,AMZN,,,,186.3800048828125,
2024-10-25,AMZN,,,,187.8300018310547,
2024-10-28,AMZN,,,,188.38999938964844,
2024-10-29,AMZN,,,,190.8300018310547,
2024-10-30,AMZN,,,,192.72999572753906,
2024-10-31,AMZN,,,,186.39999389648438,
2024-11-01,AMZN,,,,197.92999267578125,
2024-11-04,AMZN,,,,195.77999877929688,
2024-11-05,AMZN,,,,199.5,
2024-11-06,AMZN,,,,207.08999633789062,
2024-11-07,AMZN,,,,210.0500030517578,
2024-11-08,AMZN,,,,208.17999267578125,
2024-11-11,AMZN,,,,206.83999633789062,
2024-11-12,AMZN,,,,208.91000366210938,
2024-11-13,AMZN,,,,214.10000610351562,
2024-11-14,AMZN,,,,211.47999572753906,
2024-11-15,AMZN,,,,202.61000061035156,
2024-11-18,AMZN,,,,201.6999969482422,
2024-11-19,AMZN,,,,204.61000061035156,
2024-11-20,AMZN,,,,202.8800048828125,
2024-11-21,AMZN,,,,198.3800048828125,
2024-11-22,AMZN,,,,197.1199951171875,
2024-11-25,AMZN,,,,201.4499969482422,
2024-11-26,AMZN,,,,207.86000061035156,
2024-11-27,AMZN,,,,205.74000549316406,
2024-11-29,AMZN,,,,207.88999938964844,
2024-12-02,AMZN,,,,210.7100067138672,
2024-12-03,AMZN,,,,213.44000244140625,
2024-12-04,AMZN,,,,218.16000366210938,
2024-12-05,AMZN,,,,220.5500030517578,
2024-12-06,AMZN,,,,227.02999877929688,
2024-12-09,AMZN,,,,226.08999633789062,
2024-12-10,AMZN,,,,225.0399932861328,
2024-12-11,AMZN,,,,230.25999450683594,
2024-12-12,AMZN,,,,228.97000122070312,
2024-12-13,AMZN,,,,227.4600067138672,
2024-12-16,AMZN,,,,232.92999267578125,
2024-12-17,AMZN,,,,231.14999389648438,
2024-12-18,AMZN,,,,220.52000427246094,
2024-12-19,AMZN,,,,223.2899932861328,
2024-12-20,AMZN,,,,224.9199981689453,
2024-12-23,AMZN,,,,225.05999755859375,
2024-12-24,AMZN,,,,229.0500030517578,
2024-12-26,AMZN,,,,227.0500030517578,
2024-12-27,AMZN,,,,223.75,
2024-12-30,AMZN,,,,221.3000030517578,
2024-12-31,AMZN,,,,219.38999938964844,
2025-01-02,AMZN,,,,220.22000122070312,
2025-01-03,AMZN,,,,224.19000244140625,
2025-01-06,AMZN,,,,227.61000061035156,
2025-01-07,AMZN,,,,222.11000061035156,
2025-01-08,AMZN,,,,222.1300048828125,
2025-01-10,AMZN,,,,218.94000244140625,
2025-01-13,AMZN,,,,218.4600067138672,
2025-01-14,AMZN,,,,217.75999450683594,
2025-01-15,AMZN,,,,223.35000610351562,
2025-01-16,AMZN,,,,220.66000366210938,
2025-01-17,AMZN,,,,225.94000244140625,
2025-01-21,AMZN,,,,230.7100067138672,
2025-01-22,AMZN,,,,235.00999450683594,
2025-01-23,AMZN,,,,235.4199981689453,
2025-01-24,AMZN,,,,234.85000610351562,
2025-01-27,AMZN,,,,235.4199981689453,
2025-01-28,AMZN,,,,238.14999389648438,
2025-01-29,AMZN,,,,237.07000732421875,
2025-01-30,AMZN,,,,234.63999938964844,
2025-01-31,AMZN,,,,237.67999267578125,
2025-02-03,AMZN,,,,237.4199981689453,
2025-02-04,AMZN,,,,242.05999755859375,
2025-02-05,AMZN,,,,236.1699981689453,
2025-02-06,AMZN,,,,238.8300018310547,
2025-02-07,AMZN,,,,229.14999389648438,
2025-02-10,AMZN,,,,233.13999938964844,
2025-02-11,AMZN,,,,232.75999450683594,
2025-02-12,AMZN,,,,228.92999267578125,
2025-02-13,AMZN,,,,230.3699951171875,
2025-02-14,AMZN,,,,228.67999267578125,
2025-02-18,AMZN,,,,226.64999389648438,
2025-02-19,AMZN,,,,226.6300048828125,
2025-02-20,AMZN,,,,222.8800048828125,
2025-02-21,AMZN,,,,216.5800018310547,
2025-02-24,AMZN,,,,212.7100067138672,
2025-02-25,AMZN,,,,212.8000030517578,
2025-02-26,AMZN,,,,214.35000610351562,
2025-02-27,AMZN,,,,208.74000549316406,
2025-02-28,AMZN,,,,212.27999877929688,
2025-03-03,AMZN,,,,205.02000427246094,
2025-03-04,AMZN,,,,203.8000030517578,
2025-03-05,AMZN,,,,208.36000061035156,
2025-03-06,AMZN,,,,200.6999969482422,
2025-03-07,AMZN,,,,199.25,
2025-03-10,AMZN,,,,194.5399932861328,
2025-03-11,AMZN,,,,196.58999633789062,
2025-03-12,AMZN,,,,198.88999938964844,
2025-03-13,AMZN,,,,193.88999938964844,
2025-03-14,AMZN,,,,197.9499969482422,
2025-03-17,AMZN,,,,195.74000549316406,
2025-03-18,AMZN,,,,192.82000732421875,
2025-03-19,AMZN,,,,195.5399932861328,
2025-03-20,AMZN,,,,194.9499969482422,
2025-03-21,AMZN,,,,196.2100067138672,
2025-03-24,AMZN,,,,203.25999450683594,
2025-03-25,AMZN,,,,205.7100067138672,
2025-03-26,AMZN,,,,201.1300048828125,
2025-03-27,AMZN,,,,201.36000061035156,
2025-03-28,AMZN,,,,192.72000122070312,
2025-03-31,AMZN,,,,190.25999450683594,
2025-04-01,AMZN,,,,192.1699981689453,
2025-04-02,AMZN,,,,196.00999450683594,
2025-04-03,AMZN,,,,178.41000366210938,
2025-04-04,AMZN,,,,171.0,
2025-04-07,AMZN,,,,175.25999450683594,
2025-04-08,AMZN,,,,170.66000366210938,
2025-04-09,AMZN,,,,191.10000610351562,
2025-04-10,AMZN,,,,181.22000122070312,
2025-04-11,AMZN,,,,184.8699951171875,
2024-04-12,TSLA,,,,,171.0500030517578
2024-04-15,TSLA,,,,,161.47999572753906
2024-04-16,TSLA,,,,,157.11000061035156
2024-04-17,TSLA,,,,,155.4499969482422
2024-04-18,TSLA,,,,,149.92999267578125
2024-04-19,TSLA,,,,,147.0500030517578
2024-04-22,TSLA,,,,,142.0500030517578
2024-04-23,TSLA,,,,,144.67999267578125
2024-04-24,TSLA,,,,,162.1300048828125
2024-04-25,TSLA,,,,,170.17999267578125
2024-04-26,TSLA,,,,,168.2899932861328
2024-04-29,TSLA,,,,,194.0500030517578
2024-04-30,TSLA,,,,,183.27999877929688
2024-05-01,TSLA,,,,,179.99000549316406
2024-05-02,TSLA,,,,,180.00999450683594
2024-05-03,TSLA,,,,,181.19000244140625
2024-05-06,TSLA,,,,,184.75999450683594
2024-05-07,TSLA,,,,,177.80999755859375
2024-05-08,TSLA,,,,,174.72000122070312
2024-05-09,TSLA,,,,,171.97000122070312
2024-05-10,TSLA,,,,,168.47000122070312
2024-05-13,TSLA,,,,,171.88999938964844
2024-05-14,TSLA,,,,,177.5500030517578
2024-05-15,TSLA,,,,,173.99000549316406
2024-05-16,TSLA,,,,,174.83999633789062
2024-05-17,TSLA,,,,,177.4600067138672
2024-05-20,TSLA,,,,,174.9499969482422
2024-05-21,TSLA,,,,,186.60000610351562
2024-05-22,TSLA,,,,,180.11000061035156
2024-05-23,TSLA,,,,,173.74000549316406
2024-05-24,TSLA,,,,,179.24000549316406
2024-05-28,TSLA,,,,,176.75
2024-05-29,TSLA,,,,,176.19000244140625
2024-05-30,TSLA,,,,,178.7899932861328
2024-05-31,TSLA,,,,,178.0800018310547
2024-06-03,TSLA,,,,,176.2899932861328
2024-06-04,TSLA,,,,,174.77000427246094
2024-06-05,TSLA,,,,,175.0
2024-06-06,TSLA,,,,,177.94000244140625
2024-06-07,TSLA,,,,,177.47999572753906
2024-06-10,TSLA,,,,,173.7899932861328
2024-06-11,TSLA,,,,,170.66000366210938
2024-06-12,TSLA,,,,,177.2899932861328
2024-06-13,TSLA,,,,,182.47000122070312
2024-06-14,TSLA,,,,,178.00999450683594
2024-06-17,TSLA,,,,,187.44000244140625
2024-06-18,TSLA,,,,,184.86000061035156
2024-06-20,TSLA,,,,,181.57000732421875
2024-06-21,TSLA,,,,,183.00999450683594
2024-06-24,TSLA,,,,,182.5800018310547
2024-06-25,TSLA,,,,,187.35000610351562
2024-06-26,TSLA,,,,,196.3699951171875
2024-06-27,TSLA,,,,,197.4199981689453
2024-06-28,TSLA,,,,,197.8800048828125
2024-07-01,TSLA,,,,,209.86000061035156
2024-07-02,TSLA,,,,,231.25999450683594
2024-07-03,TSLA,,,,,246.38999938964844
2024-07-05,TSLA,,,,,251.52000427246094
2024-07-08,TSLA,,,,,252.94000244140625
2024-07-09,TSLA,,,,,262.3299865722656
2024-07-10,TSLA,,,,,263.260009765625
2024-07-11,TSLA,,,,,241.02999877929688
2024-07-12,TSLA,,,,,248.22999572753906
2024-07-15,TSLA,,,,,252.63999938964844
2024-07-16,TSLA,,,,,256.55999755859375
2024-07-17,TSLA,,,,,248.5
2024-07-18,TSLA,,,,,249.22999572753906
2024-07-19,TSLA,,,,,239.1999969482422
2024-07-22,TSLA,,,,,251.50999450683594
2024-07-23,TSLA,,,,,246.3800048828125
2024-07-24,TSLA,,,,,215.99000549316406
2024-07-25,TSLA,,,,,220.25
2024-07-26,TSLA,,,,,219.8000030517578
2024-07-29,TSLA,,,,,232.10000610351562
2024-07-30,TSLA,,,,,222.6199951171875
2024-07-31,TSLA,,,,,232.07000732421875
2024-08-01,TSLA,,,,,216.86000061035156
2024-08-02,TSLA,,,,,207.6699981689453
2024-08-05,TSLA,,,,,198.8800048828125
2024-08-06,TSLA,,,,,200.63999938964844
2024-08-07,TSLA,,,,,191.75999450683594
2024-08-08,TSLA,,,,,198.83999633789062
2024-08-09,TSLA,,,,,200.0
2024-08-12,TSLA,,,,,197.49000549316406
2024-08-13,TSLA,,,,,207.8300018310547
2024-08-14,TSLA,,,,,201.3800048828125
2024-08-15,TSLA,,,,,214.13999938964844
2024-08-16,TSLA,,,,,216.1199951171875
2024-08-19,TSLA,,,,,222.72000122070312
2024-08-20,TSLA,,,,,221.10000610351562
2024-08-21,TSLA,,,,,223.27000427246094
2024-08-22,TSLA,,,,,210.66000366210938
2024-08-23,TSLA,,,,,220.32000732421875
2024-08-26,TSLA,,,,,213.2100067138672
2024-08-27,TSLA,,,,,209.2100067138672
2024-08-28,TSLA,,,,,205.75
2024-08-29,TSLA,,,,,206.27999877929688
2024-08-30,TSLA,,,,,214.11000061035156
2024-09-03,TSLA,,,,,210.60000610351562
2024-09-04,TSLA,,,,,219.41000366210938
2024-09-05,TSLA,,,,,230.1699981689453
2024-09-06,TSLA,,,,,210.72999572753906
2024-09-09,TSLA,,,,,216.27000427246094
2024-09-10,TSLA,,,,,226.1699981689453
2024-09-11,TSLA,,,,,228.1300048828125
2024-09-12,TSLA,,,,,229.80999755859375
2024-09-13,TSLA,,,,,230.2899932861328
2024-09-16,TSLA,,,,,226.77999877929688
2024-09-17,TSLA,,,,,227.8699951171875
2024-09-18,TSLA,,,,,227.1999969482422
2024-09-19,TSLA,,,,,243.9199981689453
2024-09-20,TSLA,,,,,238.25
2024-09-23,TSLA,,,,,250.0
2024-09-24,TSLA,,,,,254.27000427246094
2024-09-25,TSLA,,,,,257.0199890136719
2024-09-26,TSLA,,,,,254.22000122070312
2024-09-27,TSLA,,,,,260.4599914550781
2024-09-30,TSLA,,,,,261.6300048828125
2024-10-01,TSLA,,,,,258.0199890136719
2024-10-02,TSLA,,,,,249.02000427246094
2024-10-03,TSLA,,,,,240.66000366210938
2024-10-04,TSLA,,,,,250.0800018310547
2024-10-07,TSLA,,,,,240.8300018310547
2024-10-08,TSLA,,,,,244.5
2024-10-09,TSLA,,,,,241.0500030517578
2024-10-10,TSLA,,,,,238.77000427246094
2024-10-11,TSLA,,,,,217.8000030517578
2024-10-14,TSLA,,,,,219.16000366210938
2024-10-15,TSLA,,,,,219.57000732421875
2024-10-16,TSLA,,,,,221.3300018310547
2024-10-17,TSLA,,,,,220.88999938964844
2024-10-18,TSLA,,,,,220.6999969482422
2024-10-21,TSLA,,,,,218.85000610351562
2024-10-22,TSLA,,,,,217.97000122070312
2024-10-23,TSLA,,,,,213.64999389648438
2024-10-24,TSLA,,,,,260.4800109863281
2024-10-25,TSLA,,,,,269.19000244140625
2024-10-28,TSLA,,,,,262.510009765625
2024-10-29,TSLA,,,,,259.5199890136719
2024-10-30,TSLA,,,,,257.54998779296875
2024-10-31,TSLA,,,,,249.85000610351562
2024-11-01,TSLA,,,,,248.97999572753906
2024-11-04,TSLA,,,,,242.83999633789062
2024-11-05,TSLA,,,,,251.44000244140625
2024-11-06,TSLA,,,,,288.5299987792969
2024-11-07,TSLA,,,,,296.9100036621094
2024-11-08,TSLA,,,,,321.2200012207031
2024-11-11,TSLA,,,,,350.0
2024-11-12,TSLA,,,,,328.489990234375
2024-11-13,TSLA,,,,,330.239990234375
2024-11-14,TSLA,,,,,311.17999267578125
2024-11-15,TSLA,,,,,320.7200012207031
2024-11-18,TSLA,,,,,338.739990234375
2024-11-19,TSLA,,,,,346.0
2024-11-20,TSLA,,,,,342.0299987792969
2024-11-21,TSLA,,,,,339.6400146484375
2024-11-22,TSLA,,,,,352.55999755859375
2024-11-25,TSLA,,,,,338.5899963378906
2024-11-26,TSLA,,,,,338.2300109863281
2024-11-27,TSLA,,,,,332.8900146484375
2024-11-29,TSLA,,,,,345.1600036621094
2024-12-02,TSLA,,,,,357.0899963378906
2024-12-03,TSLA,,,,,351.4200134277344
2024-12-04,TSLA,,,,,357.92999267578125
2024-12-05,TSLA,,,,,369.489990234375
2024-12-06,TSLA,,,,,389.2200012207031
2024-12-09,TSLA,,,,,389.7900085449219
2024-12-10,TSLA,,,,,400.989990234375
2024-12-11,TSLA,,,,,424.7699890136719
2024-12-12,TSLA,,,,,418.1000061035156
2024-12-13,TSLA,,,,,436.2300109863281
2024-12-16,TSLA,,,,,463.0199890136719
2024-12-17,TSLA,,,,,479.8599853515625
2024-12-18,TSLA,,,,,440.1300048828125
2024-12-19,TSLA,,,,,436.1700134277344
2024-12-20,TSLA,,,,,421.05999755859375
2024-12-23,TSLA,,,,,430.6000061035156
2024-12-24,TSLA,,,,,462.2799987792969
2024-12-26,TSLA,,,,,454.1300048828125
2024-12-27,TSLA,,,,,431.6600036621094
2024-12-30,TSLA,,,,,417.4100036621094
2024-12-31,TSLA,,,,,403.8399963378906
2025-01-02,TSLA,,,,,379.2799987792969
2025-01-03,TSLA,,,,,410.44000244140625
2025-01-06,TSLA,,,,,411.04998779296875
2025-01-07,TSLA,,,,,394.3599853515625
2025-01-08,TSLA,,,,,394.94000244140625
2025-01-10,TSLA,,,,,394.739990234375
2025-01-13,TSLA,,,,,403.30999755859375
2025-01-14,TSLA,,,,,396.3599853515625
2025-01-15,TSLA,,,,,428.2200012207031
2025-01-16,TSLA,,,,,413.82000732421875
2025-01-17,TSLA,,,,,426.5
2025-01-21,TSLA,,,,,424.07000732421875
2025-01-22,TSLA,,,,,415.1099853515625
2025-01-23,TSLA,,,,,412.3800048828125
2025-01-24,TSLA,,,,,406.5799865722656
2025-01-27,TSLA,,,,,397.1499938964844
2025-01-28,TSLA,,,,,398.0899963378906
2025-01-29,TSLA,,,,,389.1000061035156
2025-01-30,TSLA,,,,,400.2799987792969
2025-01-31,TSLA,,,,,404.6000061035156
2025-02-03,TSLA,,,,,383.67999267578125
2025-02-04,TSLA,,,,,392.2099914550781
2025-02-05,TSLA,,,,,378.1700134277344
2025-02-06,TSLA,,,,,374.32000732421875
2025-02-07,TSLA,,,,,361.6199951171875
2025-02-10,TSLA,,,,,350.7300109863281
2025-02-11,TSLA,,,,,328.5
2025-02-12,TSLA,,,,,336.510009765625
2025-02-13,TSLA,,,,,355.94000244140625
2025-02-14,TSLA,,,,,355.8399963378906
2025-02-18,TSLA,,,,,354.1099853515625
2025-02-19,TSLA,,,,,360.55999755859375
2025-02-20,TSLA,,,,,354.3999938964844
2025-02-21,TSLA,,,,,337.79998779296875
2025-02-24,TSLA,,,,,330.5299987792969
2025-02-25,TSLA,,,,,302.79998779296875
2025-02-26,TSLA,,,,,290.79998779296875
2025-02-27,TSLA,,,,,281.95001220703125
2025-02-28,TSLA,,,,,292.9800109863281
2025-03-03,TSLA,,,,,284.6499938964844
2025-03-04,TSLA,,,,,272.0400085449219
2025-03-05,TSLA,,,,,279.1000061035156
2025-03-06,TSLA,,,,,263.45001220703125
2025-03-07,TSLA,,,,,262.6700134277344
2025-03-10,TSLA,,,,,222.14999389648438
2025-03-11,TSLA,,,,,230.5800018310547
2025-03-12,TSLA,,,,,248.08999633789062
2025-03-13,TSLA,,,,,240.67999267578125
2025-03-14,TSLA,,,,,249.97999572753906
2025-03-17,TSLA,,,,,238.00999450683594
2025-03-18,TSLA,,,,,225.30999755859375
2025-03-19,TSLA,,,,,235.86000061035156
2025-03-20,TSLA,,,,,236.25999450683594
2025-03-21,TSLA,,,,,248.7100067138672
2025-03-24,TSLA,,,,,278.3900146484375
2025-03-25,TSLA,,,,,288.1400146484375
2025-03-26,TSLA,,,,,272.05999755859375
2025-03-27,TSLA,,,,,273.1300048828125
2025-03-28,TSLA,,,,,263.54998779296875
2025-03-31,TSLA,,,,,259.1600036621094
2025-04-01,TSLA,,,,,268.4599914550781
2025-04-02,TSLA,,,,,282.760009765625
2025-04-03,TSLA,,,,,267.2799987792969
2025-04-04,TSLA,,,,,239.42999267578125
2025-04-07,TSLA,,,,,233.2899932861328
2025-04-08,TSLA,,,,,221.86000061035156
2025-04-09,TSLA,,,,,272.20001220703125
2025-04-10,TSLA,,,,,252.39999389648438
2025-04-11,TSLA,,,,,252.30999755859375
